letter,count,percentage
A,83,52.86624203821656
C,1,0.6369426751592356
D,2,1.2738853503184713
E,4,2.5477707006369426
G,8,5.095541401273885
I,14,8.9171974522293
J,43,27.388535031847134
K,2,1.2738853503184713
